{
  "preview_path": "samples/dxf/bra-preview.html",
  "entity_count": 1,
  "segment_count": 107,
  "point_count": 108,
  "total_length_mm": 406.8940030943415,
  "estimated_time_s": 40.68940030943415,
  "width_mm": 128.37887360451668,
  "height_mm": 134.25202801263094
}
